mean,sd,5.5%,94.5%,rhat,ess_bulk
1.2580211350000001,0.06391856598595297,1.1552334,1.3582732000000002,0.9998178930521973,969.2219187366949
-0.29911907914999997,0.06770129203263935,-0.407279045,-0.18880278999999997,1.0013971832677104,1089.7767750630085
