mean,sd,5.5%,94.5%,rhat,ess_bulk
1.25713618,0.06710287172844917,1.14970955,1.3635999,1.0050316289806907,1128.4752738309976
-0.300681095,0.06672376392247341,-0.40684078999999995,-0.19344718499999997,1.0045124284120823,1339.5295475778616
